model_id,mse,mse_no_coupling,delta_pct,source_file
bal_ETTh1_720_raw_k_g0.1,0.548258,0.543616,-0.85,grid_bal_ETTh1_720_raw_k_g0.1.json
bal_ETTh1_720_raw_k_g0.5,0.537692,0.576222,+7.17,grid_bal_ETTh1_720_raw_k_g0.5.json
bal_ETTh1_720_raw_k_g1.0,0.546951,0.622302,+13.78,grid_bal_ETTh1_720_raw_k_g1.0.json
bal_ETTh1_720_softmax_g0.1,0.550772,0.546268,-0.82,grid_bal_ETTh1_720_softmax_g0.1.json
bal_ETTh1_720_softmax_g0.5,0.537799,0.567302,+5.49,grid_bal_ETTh1_720_softmax_g0.5.json
bal_ETTh1_720_softmax_g1.0,0.551349,0.598426,+8.54,grid_bal_ETTh1_720_softmax_g1.0.json
bal_ETTh1_96_raw_k_g0.1,0.375272,0.378281,+0.80,grid_bal_ETTh1_96_raw_k_g0.1.json
bal_ETTh1_96_raw_k_g0.5,0.375576,0.464301,+23.62,grid_bal_ETTh1_96_raw_k_g0.5.json
bal_ETTh1_96_raw_k_g1.0,0.375869,0.549621,+46.23,grid_bal_ETTh1_96_raw_k_g1.0.json
bal_ETTh1_96_softmax_g0.1,0.375067,0.377662,+0.69,grid_bal_ETTh1_96_softmax_g0.1.json
bal_ETTh1_96_softmax_g0.5,0.377642,0.466555,+23.54,grid_bal_ETTh1_96_softmax_g0.5.json
bal_ETTh1_96_softmax_g1.0,0.383633,0.600163,+56.44,grid_bal_ETTh1_96_softmax_g1.0.json
bal_Exchange_192_raw_k_g0.1,0.183023,0.183598,+0.31,grid_bal_Exchange_192_raw_k_g0.1.json
bal_Exchange_192_raw_k_g0.5,0.187316,0.183364,-2.11,grid_bal_Exchange_192_raw_k_g0.5.json
bal_Exchange_192_raw_k_g1.0,0.184701,0.186250,+0.84,grid_bal_Exchange_192_raw_k_g1.0.json
bal_Exchange_192_softmax_g0.1,0.184750,0.184244,-0.27,grid_bal_Exchange_192_softmax_g0.1.json
bal_Exchange_192_softmax_g0.5,0.188152,0.182863,-2.81,grid_bal_Exchange_192_softmax_g0.5.json
bal_Exchange_192_softmax_g1.0,0.198159,0.181860,-8.23,grid_bal_Exchange_192_softmax_g1.0.json
bal_Weather_96_raw_k_g0.1,0.157921,0.164479,+4.15,grid_bal_Weather_96_raw_k_g0.1.json
bal_Weather_96_raw_k_g0.5,0.159026,0.317723,+99.79,grid_bal_Weather_96_raw_k_g0.5.json
bal_Weather_96_raw_k_g1.0,0.158566,0.336999,+112.53,grid_bal_Weather_96_raw_k_g1.0.json
bal_Weather_96_softmax_g0.1,0.157162,0.164376,+4.59,grid_bal_Weather_96_softmax_g0.1.json
bal_Weather_96_softmax_g0.5,0.158243,0.311999,+97.17,grid_bal_Weather_96_softmax_g0.5.json
bal_Weather_96_softmax_g1.0,0.157825,0.354533,+124.64,grid_bal_Weather_96_softmax_g1.0.json
conf_Beijing_192_g10,0.478198,0.998936,+108.90,grid_conf_Beijing_192_g10.json
conf_Beijing_336_g10,0.490652,1.011535,+106.16,grid_conf_Beijing_336_g10.json
conf_Beijing_720_g10,0.467771,1.195333,+155.54,grid_conf_Beijing_720_g10.json
conf_Beijing_96_g10,0.456075,0.950302,+108.37,grid_conf_Beijing_96_g10.json
conf_Weather_192_g10,0.211845,0.435095,+105.38,grid_conf_Weather_192_g10.json
conf_Weather_336_g10,0.267095,0.388804,+45.57,grid_conf_Weather_336_g10.json
conf_Weather_720_g10,0.349080,0.444240,+27.26,grid_conf_Weather_720_g10.json
conf_Weather_96_g10,0.157983,0.329748,+108.72,grid_conf_Weather_96_g10.json
fine_Beijing_96_g0.3_k0,0.456707,0.498149,+9.07,grid_fine_Beijing_96_g0.3_k0.json
fine_Beijing_96_g0.3_k3,0.456260,0.491826,+7.80,grid_fine_Beijing_96_g0.3_k3.json
fine_Beijing_96_g0.5_k0,0.455117,0.643990,+41.50,grid_fine_Beijing_96_g0.5_k0.json
fine_Beijing_96_g0.5_k3,0.455566,0.596189,+30.87,grid_fine_Beijing_96_g0.5_k3.json
fine_Beijing_96_g0.7_k0,0.452256,0.743937,+64.49,grid_fine_Beijing_96_g0.7_k0.json
fine_Beijing_96_g0.7_k3,0.453019,0.709660,+56.65,grid_fine_Beijing_96_g0.7_k3.json
fine_Weather_96_g0.3_k0,0.160991,0.235278,+46.14,grid_fine_Weather_96_g0.3_k0.json
fine_Weather_96_g0.3_k3,0.160151,0.208361,+30.10,grid_fine_Weather_96_g0.3_k3.json
fine_Weather_96_g0.5_k0,0.158139,0.294832,+86.44,grid_fine_Weather_96_g0.5_k0.json
fine_Weather_96_g0.5_k3,0.158337,0.261733,+65.30,grid_fine_Weather_96_g0.5_k3.json
fine_Weather_96_g0.7_k0,0.157664,0.360485,+128.64,grid_fine_Weather_96_g0.7_k0.json
fine_Weather_96_g0.7_k3,0.159027,0.383977,+141.45,grid_fine_Weather_96_g0.7_k3.json
fix720_g0.1,0.493504,0.486233,-1.47,grid_fix720_g0.1.json
fix720_g0.5,0.499921,0.528932,+5.80,grid_fix720_g0.5.json
fix720_g1.0,0.542001,0.631408,+16.50,grid_fix720_g1.0.json
full_Beijing_192_g05,0.477876,0.642240,+34.39,grid_full_Beijing_192_g05.json
full_Beijing_336_g05,0.490133,0.641448,+30.87,grid_full_Beijing_336_g05.json
full_Beijing_720_g05,0.472663,0.677226,+43.28,grid_full_Beijing_720_g05.json
full_Beijing_96_g05,0.453051,0.591673,+30.60,grid_full_Beijing_96_g05.json
full_ECL_192_g05,0.156408,0.159063,+1.70,grid_full_ECL_192_g05.json
full_ECL_336_g05,0.171011,0.172381,+0.80,grid_full_ECL_336_g05.json
full_ECL_720_g05,0.192447,0.194591,+1.11,grid_full_ECL_720_g05.json
full_ECL_96_g05,0.137927,0.139706,+1.29,grid_full_ECL_96_g05.json
full_ETTh1_192_g05,0.428882,0.491832,+14.68,grid_full_ETTh1_192_g05.json
full_ETTh1_336_g05,0.472474,0.516120,+9.24,grid_full_ETTh1_336_g05.json
full_ETTh1_720_g05,0.538648,0.578155,+7.33,grid_full_ETTh1_720_g05.json
full_ETTh1_96_g05,0.375397,0.463469,+23.46,grid_full_ETTh1_96_g05.json
full_ETTh2_192_g05,0.380096,0.380300,+0.05,grid_full_ETTh2_192_g05.json
full_ETTh2_336_g05,0.406646,0.415472,+2.17,grid_full_ETTh2_336_g05.json
full_ETTh2_720_g05,0.420872,0.422557,+0.40,grid_full_ETTh2_720_g05.json
full_ETTh2_96_g05,0.292423,0.314805,+7.65,grid_full_ETTh2_96_g05.json
full_ETTm1_192_g05,0.371707,0.462987,+24.56,grid_full_ETTm1_192_g05.json
full_ETTm1_336_g05,0.417845,0.525857,+25.85,grid_full_ETTm1_336_g05.json
full_ETTm1_720_g05,0.492104,0.573762,+16.59,grid_full_ETTm1_720_g05.json
full_ETTm1_96_g05,0.319353,0.422598,+32.33,grid_full_ETTm1_96_g05.json
full_ETTm2_192_g05,0.242847,0.271179,+11.67,grid_full_ETTm2_192_g05.json
full_ETTm2_336_g05,0.309397,0.322170,+4.13,grid_full_ETTm2_336_g05.json
full_ETTm2_720_g05,0.408668,0.408719,+0.01,grid_full_ETTm2_720_g05.json
full_ETTm2_96_g05,0.172021,0.195404,+13.59,grid_full_ETTm2_96_g05.json
full_Exchange_192_g05,0.189436,0.183926,-2.91,grid_full_Exchange_192_g05.json
full_Exchange_336_g05,0.349790,0.340027,-2.79,grid_full_Exchange_336_g05.json
full_Exchange_720_g05,0.905644,0.901857,-0.42,grid_full_Exchange_720_g05.json
full_Exchange_96_g05,0.087064,0.087730,+0.77,grid_full_Exchange_96_g05.json
full_Traffic_192_g05,0.392952,0.392014,-0.24,grid_full_Traffic_192_g05.json
full_Traffic_336_g05,0.427060,0.427451,+0.09,grid_full_Traffic_336_g05.json
full_Traffic_720_g05,0.469342,0.470061,+0.15,grid_full_Traffic_720_g05.json
full_Traffic_96_g05,0.374334,0.384221,+2.64,grid_full_Traffic_96_g05.json
full_Weather_192_g05,0.209445,0.357652,+70.76,grid_full_Weather_192_g05.json
full_Weather_336_g05,0.269362,0.371877,+38.06,grid_full_Weather_336_g05.json
full_Weather_720_g05,0.348077,0.409511,+17.65,grid_full_Weather_720_g05.json
full_Weather_96_g05,0.159882,0.348159,+117.76,grid_full_Weather_96_g05.json
grid_Beijing_96_H_ln0_g0.1,0.457193,0.461247,+0.89,grid_grid_Beijing_96_H_ln0_g0.1.json
grid_Beijing_96_H_ln0_g0.5,0.453044,0.491530,+8.49,grid_grid_Beijing_96_H_ln0_g0.5.json
grid_Beijing_96_H_ln1_g0.1,0.455147,0.464387,+2.03,grid_grid_Beijing_96_H_ln1_g0.1.json
grid_Beijing_96_H_ln1_g0.5,0.451962,0.573170,+26.82,grid_grid_Beijing_96_H_ln1_g0.5.json
grid_Beijing_96_S_ln0_g0.1,0.454038,0.595971,+31.26,grid_grid_Beijing_96_S_ln0_g0.1.json
grid_Beijing_96_S_ln0_g0.5,0.484464,1.369642,+182.71,grid_grid_Beijing_96_S_ln0_g0.5.json
grid_Beijing_96_S_ln1_g0.1,0.457073,0.460814,+0.82,grid_grid_Beijing_96_S_ln1_g0.1.json
grid_Beijing_96_S_ln1_g0.5,0.454856,0.592421,+30.24,grid_grid_Beijing_96_S_ln1_g0.5.json
grid_ETTh1_96_H_ln0_g0.1,0.375140,0.375811,+0.18,grid_grid_ETTh1_96_H_ln0_g0.1.json
grid_ETTh1_96_H_ln0_g0.5,0.375173,0.379770,+1.23,grid_grid_ETTh1_96_H_ln0_g0.5.json
grid_ETTh1_96_H_ln1_g0.1,0.375019,0.378125,+0.83,grid_grid_ETTh1_96_H_ln1_g0.1.json
grid_ETTh1_96_H_ln1_g0.5,0.375303,0.464443,+23.75,grid_grid_ETTh1_96_H_ln1_g0.5.json
grid_ETTh1_96_S_ln0_g0.1,0.378650,0.448943,+18.56,grid_grid_ETTh1_96_S_ln0_g0.1.json
grid_ETTh1_96_S_ln0_g0.5,0.396273,0.581434,+46.73,grid_grid_ETTh1_96_S_ln0_g0.5.json
grid_ETTh1_96_S_ln1_g0.1,0.375462,0.383935,+2.26,grid_grid_ETTh1_96_S_ln1_g0.1.json
grid_ETTh1_96_S_ln1_g0.5,0.376865,0.487714,+29.41,grid_grid_ETTh1_96_S_ln1_g0.5.json
sp_Beijing_96_k2,0.454093,0.967161,+112.99,grid_sp_Beijing_96_k2.json
sp_Beijing_96_k3,0.455117,1.294199,+184.37,grid_sp_Beijing_96_k3.json
sp_Weather_96_k2,0.159232,0.430206,+170.18,grid_sp_Weather_96_k2.json
sp_Weather_96_k3,0.159460,0.408190,+155.98,grid_sp_Weather_96_k3.json
val_ETTh1_192_g05,0.429222,0.492445,+14.73,grid_val_ETTh1_192_g05.json
val_ETTh1_336_g05,0.472650,0.515835,+9.14,grid_val_ETTh1_336_g05.json
val_ETTh1_720_g05,0.538880,0.578782,+7.40,grid_val_ETTh1_720_g05.json
